{
  "AAPL": {
    "ewma": {
      "mae": 0.00039750422586175554,
      "qlike": -7.098908249281523,
      "rmse": 0.0009466742445858215
    },
    "garch": {
      "mae": 0.00038968616329091436,
      "qlike": -7.130779854032987,
      "rmse": 0.0009145330674601926
    },
    "intervals": {
      "garch_95_interval_coverage": 0.9426787741203179,
      "mean_garch_annualized_volatility": 0.27629413426922295,
      "mean_realized_proxy_annualized_volatility": 0.2090816289622501
    },
    "rolling": {
      "mae": 0.0004187308489049499,
      "qlike": -6.923467472351075,
      "rmse": 0.0009895900381004935
    }
  },
  "JNJ": {
    "ewma": {
      "mae": 0.00017216490904349907,
      "qlike": -7.9430484256001606,
      "rmse": 0.00048217638270122353
    },
    "garch": {
      "mae": 0.000163374755910475,
      "qlike": -7.9550856312575435,
      "rmse": 0.0004910505715053295
    },
    "intervals": {
      "garch_95_interval_coverage": 0.9392735527809307,
      "mean_garch_annualized_volatility": 0.17262662965436476,
      "mean_realized_proxy_annualized_volatility": 0.12747938560601718
    },
    "rolling": {
      "mae": 0.00018192643666861582,
      "qlike": -7.789582335837826,
      "rmse": 0.000515386528318397
    }
  },
  "JPM": {
    "ewma": {
      "mae": 0.0003627270802136834,
      "qlike": -7.360378112154088,
      "rmse": 0.0012432131284660646
    },
    "garch": {
      "mae": 0.00034031445608510765,
      "qlike": -7.397406370001895,
      "rmse": 0.0011926207279007648
    },
    "intervals": {
      "garch_95_interval_coverage": 0.9415437003405221,
      "mean_garch_annualized_volatility": 0.2471744943496533,
      "mean_realized_proxy_annualized_volatility": 0.18976731450586154
    },
    "rolling": {
      "mae": 0.00041144848380280806,
      "qlike": -7.012972108339472,
      "rmse": 0.001330515843318674
    }
  },
  "MSFT": {
    "ewma": {
      "mae": 0.00035529861456191214,
      "qlike": -7.263124899604802,
      "rmse": 0.000962887224928607
    },
    "garch": {
      "mae": 0.00034606337838883494,
      "qlike": -7.276561102230421,
      "rmse": 0.000885099617230811
    },
    "intervals": {
      "garch_95_interval_coverage": 0.9358683314415437,
      "mean_garch_annualized_volatility": 0.26066700841434454,
      "mean_realized_proxy_annualized_volatility": 0.1965251930563112
    },
    "rolling": {
      "mae": 0.0003744208093678778,
      "qlike": -6.998812561208131,
      "rmse": 0.0010036372599582226
    }
  },
  "SPY": {
    "ewma": {
      "mae": 0.00015952672105440897,
      "qlike": -8.297550924508847,
      "rmse": 0.000528667974087368
    },
    "garch": {
      "mae": 0.00014604390493557233,
      "qlike": -8.397415111534217,
      "rmse": 0.00047025623767361354
    },
    "intervals": {
      "garch_95_interval_coverage": 0.9460839954597049,
      "mean_garch_annualized_volatility": 0.15913708200216906,
      "mean_realized_proxy_annualized_volatility": 0.12285947113577643
    },
    "rolling": {
      "mae": 0.00018087985855101107,
      "qlike": -7.776523727631327,
      "rmse": 0.0005764732208041625
    }
  },
  "XOM": {
    "ewma": {
      "mae": 0.00038434802496152906,
      "qlike": -7.257983704704293,
      "rmse": 0.0009732508602040802
    },
    "garch": {
      "mae": 0.0003800089128128755,
      "qlike": -7.205180504004075,
      "rmse": 0.0009733410402097368
    },
    "intervals": {
      "garch_95_interval_coverage": 0.9387060158910329,
      "mean_garch_annualized_volatility": 0.26723354485925377,
      "mean_realized_proxy_annualized_volatility": 0.21119465613335614
    },
    "rolling": {
      "mae": 0.0004075079797099072,
      "qlike": -6.95206596662549,
      "rmse": 0.0010425950096393717
    }
  }
}
