{
  "AAPL": {
    "ewma": {
      "mae": 0.000456397456725985,
      "qlike": -6.431895834128323,
      "rmse": 0.0007545871605541881
    },
    "garch": {
      "mae": 0.00043543961610028323,
      "qlike": -6.562097470940017,
      "rmse": 0.0007065961447374285
    },
    "rolling": {
      "mae": 0.00043284406802958234,
      "qlike": -6.727032420552005,
      "rmse": 0.0006879550118322582
    }
  },
  "JNJ": {
    "ewma": {
      "mae": 0.00017593942039391067,
      "qlike": -7.992060280446331,
      "rmse": 0.0003958069729738931
    },
    "garch": {
      "mae": 0.00016093911060069066,
      "qlike": -7.887538052865592,
      "rmse": 0.0003799641093576021
    },
    "rolling": {
      "mae": 0.00017397704466579221,
      "qlike": -7.6494592229543015,
      "rmse": 0.000395465085326414
    }
  },
  "JPM": {
    "ewma": {
      "mae": 0.00025623157731359157,
      "qlike": -7.693389095425035,
      "rmse": 0.0005375736082954962
    },
    "garch": {
      "mae": 0.00020384358010614554,
      "qlike": -7.7148651217696,
      "rmse": 0.0003279960225788481
    },
    "rolling": {
      "mae": 0.0002935068067625267,
      "qlike": -7.505680539809173,
      "rmse": 0.00042259166775475106
    }
  },
  "MSFT": {
    "ewma": {
      "mae": 0.0003423259503462689,
      "qlike": -7.296770045776164,
      "rmse": 0.0005753766861436426
    },
    "garch": {
      "mae": 0.0003190698283475332,
      "qlike": -7.331227013710317,
      "rmse": 0.000520386090189542
    },
    "rolling": {
      "mae": 0.0002984768386019638,
      "qlike": -7.34248729545256,
      "rmse": 0.000453534746022712
    }
  },
  "SPY": {
    "ewma": {
      "mae": 0.0001335706933228086,
      "qlike": -8.49556112280123,
      "rmse": 0.00029495919603966174
    },
    "garch": {
      "mae": 0.00010833323999621517,
      "qlike": -8.535367546775628,
      "rmse": 0.00019340636324286078
    },
    "rolling": {
      "mae": 0.0001385359732358334,
      "qlike": -8.184894041988874,
      "rmse": 0.00023184855744768897
    }
  },
  "XOM": {
    "ewma": {
      "mae": 0.0003999040885301264,
      "qlike": -6.907317238969217,
      "rmse": 0.0006801309534058566
    },
    "garch": {
      "mae": 0.0004404947764528563,
      "qlike": -6.923949814511318,
      "rmse": 0.0008003009641105793
    },
    "rolling": {
      "mae": 0.0004843689079743067,
      "qlike": -6.788635508197967,
      "rmse": 0.0008338037264330884
    }
  }
}
