{
  "AAPL": {
    "diagnostics": {
      "aic": 8702.30519965761,
      "alpha_plus_beta": 0.957601651163862,
      "bic": 8719.478539594511,
      "ljung_box_p": 0.07781090562111952,
      "remaining_arch_p": 0.9802015614489796
    },
    "die_bold_mariano_garch_vs_ewma": {
      "pvalue": 0.3040523814731373,
      "statistic": -1.0280821335319215
    },
    "die_bold_mariano_garch_vs_rolling": {
      "pvalue": 0.15997539933476435,
      "statistic": -1.4057479106365371
    },
    "forecast_rows": 1762,
    "refit_count": 84,
    "regime_metrics": {
      "normal_ex_2020_2022": {
        "ewma": {
          "mae": 0.0002574350677681951,
          "qlike": -7.40437449838762,
          "rmse": 0.0005376825213255649
        },
        "garch": {
          "mae": 0.0002629748071532986,
          "qlike": -7.421420903337095,
          "rmse": 0.0005436321986317282
        },
        "rolling": {
          "mae": 0.00031578856630789235,
          "qlike": -7.260660533227977,
          "rmse": 0.0005704234127083497
        }
      },
      "year_2020": {
        "ewma": {
          "mae": 0.0009869528112867207,
          "qlike": -6.130048497772078,
          "rmse": 0.0020213472410888045
        },
        "garch": {
          "mae": 0.0009228123742684396,
          "qlike": -6.266344957416765,
          "rmse": 0.0019077659656275303
        },
        "rolling": {
          "mae": 0.0008720222175334503,
          "qlike": -5.6506137758650645,
          "rmse": 0.002115127499856887
        }
      },
      "year_2022": {
        "ewma": {
          "mae": 0.0005053787627907712,
          "qlike": -6.5445057622553096,
          "rmse": 0.0008507809547935554
        },
        "garch": {
          "mae": 0.00048738319374432796,
          "qlike": -6.5454236341897065,
          "rmse": 0.0008493952009307724
        },
        "rolling": {
          "mae": 0.0004777693956941445,
          "qlike": -6.516467929035618,
          "rmse": 0.0008569198271027662
        }
      }
    }
  },
  "JNJ": {
    "diagnostics": {
      "aic": 6631.9244835120535,
      "alpha_plus_beta": 0.9309769913888991,
      "bic": 6649.097823448954,
      "ljung_box_p": 0.1452453726689407,
      "remaining_arch_p": 0.9964219748452715
    },
    "die_bold_mariano_garch_vs_ewma": {
      "pvalue": 0.4411708724741046,
      "statistic": 0.7703917679308312
    },
    "die_bold_mariano_garch_vs_rolling": {
      "pvalue": 0.0018478868081710509,
      "statistic": -3.1183837858124495
    },
    "forecast_rows": 1762,
    "refit_count": 84,
    "regime_metrics": {
      "normal_ex_2020_2022": {
        "ewma": {
          "mae": 0.00013019612739114937,
          "qlike": -8.055591083456228,
          "rmse": 0.00041034792118004173
        },
        "garch": {
          "mae": 0.00012828366129825287,
          "qlike": -8.053961930983979,
          "rmse": 0.0004082765968559001
        },
        "rolling": {
          "mae": 0.0001442106267432864,
          "qlike": -7.9958444905342505,
          "rmse": 0.0004132793636235998
        }
      },
      "year_2020": {
        "ewma": {
          "mae": 0.0004255478983685042,
          "qlike": -7.3616658893296965,
          "rmse": 0.0008565296883414817
        },
        "garch": {
          "mae": 0.0003762543983270639,
          "qlike": -7.385057270698326,
          "rmse": 0.0008958024375973457
        },
        "rolling": {
          "mae": 0.00042033785856637344,
          "qlike": -6.533420507421007,
          "rmse": 0.0009763690263761831
        }
      },
      "year_2022": {
        "ewma": {
          "mae": 0.00012710845892170477,
          "qlike": -7.965005071390976,
          "rmse": 0.0002205930155281551
        },
        "garch": {
          "mae": 0.00012467374989764014,
          "qlike": -8.034092763391516,
          "rmse": 0.0002200470710982988
        },
        "rolling": {
          "mae": 0.00013064515836555497,
          "qlike": -8.021977363651988,
          "rmse": 0.00021845172809783518
        }
      }
    }
  },
  "JPM": {
    "diagnostics": {
      "aic": 8142.0190815486385,
      "alpha_plus_beta": 0.953004165169055,
      "bic": 8159.192421485539,
      "ljung_box_p": 0.39847110251912016,
      "remaining_arch_p": 0.94095992551604
    },
    "die_bold_mariano_garch_vs_ewma": {
      "pvalue": 0.08572319122093863,
      "statistic": -1.7193675478519768
    },
    "die_bold_mariano_garch_vs_rolling": {
      "pvalue": 0.01739231329592794,
      "statistic": -2.3805569921101433
    },
    "forecast_rows": 1762,
    "refit_count": 84,
    "regime_metrics": {
      "normal_ex_2020_2022": {
        "ewma": {
          "mae": 0.00017385638400387778,
          "qlike": -7.734838916645363,
          "rmse": 0.00032330000403109897
        },
        "garch": {
          "mae": 0.00018311417820875833,
          "qlike": -7.747992158408138,
          "rmse": 0.000325611810170943
        },
        "rolling": {
          "mae": 0.00026544516670556814,
          "qlike": -7.593528024132286,
          "rmse": 0.0003949346843858579
        }
      },
      "year_2020": {
        "ewma": {
          "mae": 0.0012916985181667532,
          "qlike": -5.99532952296861,
          "rmse": 0.0031471471600434263
        },
        "garch": {
          "mae": 0.0010946775746077107,
          "qlike": -6.155345844381423,
          "rmse": 0.003007159371262116
        },
        "rolling": {
          "mae": 0.0011691803404790325,
          "qlike": -4.187126136572823,
          "rmse": 0.003349720700570136
        }
      },
      "year_2022": {
        "ewma": {
          "mae": 0.00037296437913722415,
          "qlike": -6.859523932926597,
          "rmse": 0.0005852529507079459
        },
        "garch": {
          "mae": 0.00036782075322546164,
          "qlike": -6.892244581822312,
          "rmse": 0.0005816331928734911
        },
        "rolling": {
          "mae": 0.0003794405681424214,
          "qlike": -6.951616286784093,
          "rmse": 0.0005791406002513055
        }
      }
    }
  },
  "MSFT": {
    "diagnostics": {
      "aic": 8475.768482372416,
      "alpha_plus_beta": 0.9364864178629858,
      "bic": 8492.941822309316,
      "ljung_box_p": 0.043662051027989826,
      "remaining_arch_p": 0.7837446653845288
    },
    "die_bold_mariano_garch_vs_ewma": {
      "pvalue": 0.24327641409734158,
      "statistic": -1.1672277907982218
    },
    "die_bold_mariano_garch_vs_rolling": {
      "pvalue": 0.2003507356948777,
      "statistic": -1.281033032992116
    },
    "forecast_rows": 1762,
    "refit_count": 84,
    "regime_metrics": {
      "normal_ex_2020_2022": {
        "ewma": {
          "mae": 0.00021544226102187817,
          "qlike": -7.577446453769797,
          "rmse": 0.00041520037370393017
        },
        "garch": {
          "mae": 0.00022487588952287775,
          "qlike": -7.554447327352641,
          "rmse": 0.00041546633834021383
        },
        "rolling": {
          "mae": 0.0002741775510487419,
          "qlike": -7.395793475477457,
          "rmse": 0.0004469330553204898
        }
      },
      "year_2020": {
        "ewma": {
          "mae": 0.0008969493829507567,
          "qlike": -6.394656479974264,
          "rmse": 0.002214658803544157
        },
        "garch": {
          "mae": 0.0007858017751998937,
          "qlike": -6.626516035788114,
          "rmse": 0.0019733904442296715
        },
        "rolling": {
          "mae": 0.0007930844602365237,
          "qlike": -5.552606606900722,
          "rmse": 0.002304434599656097
        }
      },
      "year_2022": {
        "ewma": {
          "mae": 0.0005102852613785854,
          "qlike": -6.56314878417437,
          "rmse": 0.0008370899650090129
        },
        "garch": {
          "mae": 0.0005102069903417291,
          "qlike": -6.539033335721062,
          "rmse": 0.0008420157722822303
        },
        "rolling": {
          "mae": 0.0004548356113428005,
          "qlike": -6.466892705785674,