{
  "AAPL": {
    "aic": 8702.30519965761,
    "alpha_plus_beta": 0.957601651163862,
    "bic": 8719.478539594511,
    "ljung_box_p": 0.07781090562111952,
    "remaining_arch_p": 0.9802015614489796
  },
  "JNJ": {
    "aic": 6631.9244835120535,
    "alpha_plus_beta": 0.9309769913888991,
    "bic": 6649.097823448954,
    "ljung_box_p": 0.1452453726689407,
    "remaining_arch_p": 0.9964219748452715
  },
  "JPM": {
    "aic": 8142.0190815486385,
    "alpha_plus_beta": 0.953004165169055,
    "bic": 8159.192421485539,
    "ljung_box_p": 0.39847110251912016,
    "remaining_arch_p": 0.94095992551604
  },
  "MSFT": {
    "aic": 8475.768482372416,
    "alpha_plus_beta": 0.9364864178629858,
    "bic": 8492.941822309316,
    "ljung_box_p": 0.043662051027989826,
    "remaining_arch_p": 0.7837446653845288
  },
  "SPY": {
    "aic": 5877.868902137002,
    "alpha_plus_beta": 0.9717570783100115,
    "bic": 5895.042242073902,
    "ljung_box_p": 0.8249612812986475,
    "remaining_arch_p": 0.5225226879654123
  },
  "XOM": {
    "aic": 8218.458781108478,
    "alpha_plus_beta": 0.9982289504102568,
    "bic": 8235.632121045379,
    "ljung_box_p": 0.9318155528273311,
    "remaining_arch_p": 0.08859024101258667
  }
}
